globalid,CreationDa,Creator,EditDate,Editor,please_ent,todays_wor,todays_w_1,time_of_te,temperatur,new_sympto,are_you_ex,field_14,have_you_t,department,field_14_o
b16faf72-859c-4970-88cf-871a8abf0d05,5/21/20,,5/21/20,,17104,information_technology,,7:43,96.2,,no_symptoms,no,,information_technology,
955af678-09e5-4c76-8a1d-88b8bb0ad4f9,5/22/20,,5/22/20,,17104,information_technology,,7:45,97.5,,no_symptoms,no,,information_technology,
a5d40224-d6ee-43aa-842d-fce55aaefdcf,5/26/20,,5/26/20,,17104,information_technology,,7:31,95.5,,no_symptoms,no,,information_technology,
7aa59b6c-aea8-49dc-8944-b666b4b3a835,5/27/20,,5/27/20,,17104,information_technology,,7:22,96.4,,no_symptoms,no,,information_technology,
de846f49-cca5-4783-828d-1cc0f556fdd5,5/28/20,,5/28/20,,17104,information_technology,,7:33,96,,no_symptoms,no,,information_technology,
7e236826-b9a3-44b6-858b-1b89fd660ce1,6/1/20,,6/1/20,,17104,information_technology,,7:40,97.7,,no_symptoms,no,,information_technology,
c72bca15-3474-47cb-8b24-ae412c49dd8c,6/2/20,,6/2/20,,17104,information_technology,,7:43,97.7,,no_symptoms,no,,information_technology,
cd8f900f-101b-43c1-89b6-b57c293e6cd3,6/3/20,,6/3/20,,17104,information_technology,,7:20,97.2,,no_symptoms,no,,information_technology,
b7998f2e-726b-4376-8401-7aa8a5746e8e,6/5/20,,6/5/20,,17104,information_technology,,7:45,96.6,,no_symptoms,no,,information_technology,
34265226-5751-4bc3-819b-b9c29466cdd4,6/8/20,,6/8/20,,17104,information_technology,,8:02,96.4,,no_symptoms,no,,information_technology,
4ebb9b09-0684-4a0c-8413-c8f1a7cf99cc,6/9/20,,6/9/20,,17104,information_technology,,7:36,96.2,,no_symptoms,no,,information_technology,
731b4830-ef96-477f-846c-1d64463c9dc1,6/10/20,,6/10/20,,17104,information_technology,,7:23,97.7,,no_symptoms,no,,information_technology,
e7ebc721-ffa7-4e94-8dac-eb66953e377e,6/11/20,,6/11/20,,17104,information_technology,,7:34,97.3,,no_symptoms,no,,information_technology,
793540a2-6e18-46bd-8f45-426b6e039e69,6/15/20,,6/15/20,,17104,information_technology,,7:20,96.8,,no_symptoms,no,,information_technology,
cc71a656-0565-4c0a-81a8-b4afdb77edb6,6/16/20,,6/16/20,,17104,information_technology,,12:41,97.7,,no_symptoms,no,,information_technology,
ae05618a-2847-47dc-8cea-4e4697562c4c,6/18/20,,6/18/20,,17104,information_technology,,7:30,97.7,,no_symptoms,no,,information_technology,
4b1cd1ab-2b86-4a59-86e9-9d27a8ce2dfd,6/19/20,,6/19/20,,17104,information_technology,,7:47,97.5,,no_symptoms,no,,information_technology,
b5b2dba5-b59f-49d7-8be0-ec78e11f027c,6/22/20,,6/22/20,,17104,information_technology,,7:28,97.7,,no_symptoms,no,,information_technology,
bd8afa88-b021-4f23-8385-b8ae0518c7c9,6/24/20,,6/24/20,,17104,information_technology,,9:12,97,,no_symptoms,no,,information_technology,
e7cf1142-ec18-4708-837b-57992b0ad04a,6/25/20,,6/25/20,,17104,information_technology,,9:26,97.3,,no_symptoms,no,,information_technology,
2ff4ebf7-d96b-4016-8516-7865ff9f521e,6/29/20,,6/29/20,,17104,information_technology,,7:22,97.3,,no_symptoms,no,,information_technology,
95cc6732-e3ac-4afc-8362-e6d6e8929958,7/2/20,,7/2/20,,17104,information_technology,,7:20,97.2,,no_symptoms,no,,information_technology,
206b6b9d-0c8a-43c9-8b42-c5372c6f1074,7/3/20,,7/3/20,,17104,information_technology,,7:15,97.2,,no_symptoms,no,,information_technology,
41fafc1e-4d14-4302-8b4d-d6d14adf7ad6,7/6/20,,7/6/20,,17104,information_technology,,7:35,97.9,,no_symptoms,no,,information_technology,
e549ffb7-2099-4d12-8727-40caefe2ac82,7/7/20,,7/7/20,,17104,information_technology,,7:30,97.7,,no_symptoms,no,,information_technology,
b0581177-3d49-4515-8791-99655ce213ee,7/8/20,,7/8/20,,17104,information_technology,,8:00,97.2,,no_symptoms,no,,information_technology,
8654310d-b6a9-4e13-895f-7d49445f040b,7/9/20,,7/9/20,,17104,information_technology,,7:35,97.6,,no_symptoms,no,,information_technology,
ccda80ea-7593-4c07-8116-72702d28c1b3,7/13/20,17104_CityOfOntario,7/13/20,17104_CityOfOntario,17104,information_technology,,7:35,96,,no_symptoms,no,,information_technology,
c710a729-7802-45c6-8dac-73180893fcfa,7/14/20,17104_CityOfOntario,7/14/20,17104_CityOfOntario,17104,information_technology,,7:34,96.7,,no_symptoms,no,,information_technology,
b39ed053-bfcb-4e4b-8f1f-92580a8e3107,7/15/20,,7/15/20,,17104,information_technology,,7:45,96.9,,no_symptoms,no,,information_technology,
125e85c5-ef76-41dd-8ae9-1c293d162726,7/16/20,,7/16/20,,17104,information_technology,,7:20,97.2,,no_symptoms,no,,information_technology,
5b2f749c-8bc2-40db-8e64-bb049edb6f0c,7/17/20,,7/17/20,,17104,information_technology,,7:30,97.1,,no_symptoms,no,,information_technology,
c721c581-70cb-4b56-8a25-07d3bfb4d59e,7/20/20,,7/20/20,,17104,information_technology,,7:30,97.3,,no_symptoms,no,,information_technology,
dfbb07a8-e1da-4b41-84b8-fd9df3aca3ea,7/21/20,,7/21/20,,17104,information_technology,,7:45,97.3,,no_symptoms,no,,information_technology,
50908305-d342-44ac-8766-eb954cf2ecb6,7/22/20,,7/22/20,,17104,information_technology,,7:40,97.5,,no_symptoms,no,,information_technology,
579b2fac-03c1-4692-861e-3cf8a2d947e4,7/23/20,,7/23/20,,17104,information_technology,,10:12,97.3,,no_symptoms,no,,information_technology,
28f000fe-57f7-4adc-8b39-c42fb4b63eef,7/28/20,,7/28/20,,17104,information_technology,,7:37,97.2,,no_symptoms,no,,information_technology,
f53cf6d6-7189-4e5c-848d-efbc5d792e09,7/29/20,,7/29/20,,17104,information_technology,,7:36,97.3,,no_symptoms,no,,information_technology,
1ed1dd90-137c-4941-81d7-d23a9d8a52b5,8/3/20,,8/3/20,,17104,information_technology,,7:37,97.2,,no_symptoms,no,,information_technology,
f91d097b-d59e-4ac5-8003-cf1cba44d243,8/4/20,,8/4/20,,17104,information_technology,,7:40,97.2,,no_symptoms,no,,information_technology,
119fc2b3-c93e-45f4-821e-d76b92394e66,8/5/20,,8/5/20,,17104,information_technology,,7:30,97.3,,no_symptoms,no,,information_technology,
4797f421-d95f-477c-81eb-00584c1cefa8,8/6/20,,8/6/20,,17104,information_technology,,7:30,97.3,,no_symptoms,no,,information_technology,
850859da-c1cd-4c07-8210-43397a71c554,8/17/20,,8/17/20,,17104,information_technology,,7:35,97.2,,no_symptoms,no,,information_technology,
30430f29-e9d3-4f4c-8d8e-ed6d5da703a0,8/18/20,,8/18/20,,17104,information_technology,,7:38,96.7,,no_symptoms,no,,information_technology,
c1ca7dd4-cd58-43b1-8bd4-feb260550526,8/19/20,,8/19/20,,17104,information_technology,,7:31,97.3,,no_symptoms,no,,information_technology,
997c9391-ecd5-41e7-8a15-ce243896762a,8/20/20,,8/20/20,,17104,information_technology,,8:17,97.3,,no_symptoms,no,,information_technology,
dd7e4337-5057-474d-874d-6bcef0dde587,8/24/20,,8/24/20,,17104,information_technology,,7:36,97.3,,no_symptoms,no,,information_technology,
023dd752-4e11-4052-8371-2ad66fc0ecda,8/25/20,,8/25/20,,17104,information_technology,,7:32,97.3,,no_symptoms,no,,information_technology,
f8f6219d-9fc5-4b78-8597-f1c2b7d0d923,8/26/20,,8/26/20,,17104,information_technology,,7:25,97.3,,no_symptoms,no,,information_technology,
ff91f6a1-db77-4068-8c5c-449edcf00b97,8/27/20,,8/27/20,,17104,information_technology,,7:31,97.3,,no_symptoms,no,,information_technology,
9e534d87-a5e2-489c-824d-0dd911bb5689,8/28/20,,8/28/20,,17104,information_technology,,7:50,97.7,,no_symptoms,no,,information_technology,
0e809494-d3e1-4409-8980-ac18b70cfd58,8/31/20,,8/31/20,,17104,information_technology,,7:50,97.3,,no_symptoms,no,,information_technology,
1ed48e56-a287-4da4-883d-8d6c7898d39c,9/1/20,,9/1/20,,17104,information_technology,,7:55,97.3,,no_symptoms,no,,information_technology,
b1c66b2e-a718-4555-8ddb-6f5889e5282a,9/2/20,,9/2/20,,17104,information_technology,,7:30,97.3,,no_symptoms,no,,information_performance_and_aud,
f3b6afa4-4861-4eef-857e-aba9c66b0bfe,9/3/20,,9/3/20,,17104,information_technology,,7:44,97.3,,no_symptoms,no,,information_technology,
78ca8265-1e22-41b2-8f51-c3b199c20141,9/8/20,,9/8/20,,17104,information_technology,,7:30,97.2,,no_symptoms,no,,information_technology,
b9eabad2-3403-4c6c-8300-3728d3b53408,9/11/20,,9/11/20,,17104,information_technology,,8:30,97.7,,no_symptoms,no,,information_technology,
f5299700-7f55-444b-8a29-cca36677284b,9/14/20,,9/14/20,,17104,information_technology,,7:40,97.3,,no_symptoms,no,,information_technology,
beabfa53-edaa-4340-85f2-1e5d48a2c600,9/15/20,,9/15/20,,17104,information_technology,,7:57,97.2,,no_symptoms,no,,information_technology,
7e2a78cc-1e9a-4870-8ac4-8546645c2231,9/16/20,,9/16/20,,17104,information_technology,,7:57,97.3,,no_symptoms,no,,information_technology,
def7dade-7392-4e9e-84ec-0b0ab9a6cc1b,9/17/20,,9/17/20,,17104,information_technology,,7:38,96.8,,no_symptoms,no,,information_technology,
9f490917-86b4-4761-8c0e-e921c5f0fd0b,9/21/20,,9/21/20,,17104,information_technology,,7:40,97.2,,no_symptoms,no,,information_technology,
7eabda92-a728-448e-8fe7-26ce61729829,9/22/20,,9/22/20,,17104,information_technology,,7:35,97.3,,no_symptoms,no,,information_technology,
4e08b943-0510-43f2-8069-a2060b78af2c,9/23/20,,9/23/20,,17104,information_technology,,7:47,97.3,,no_symptoms,no,,information_technology,
06c2005a-a56b-424e-85bd-705f133f60ed,9/24/20,,9/24/20,,17104,information_technology,,7:30,97.3,,no_symptoms,no,,information_technology,
54a9c051-819b-4430-81a5-73325a71d5c4,9/25/20,,9/25/20,,17104,information_technology,,8:00,97.3,,no_symptoms,no,,information_technology,
72057f85-10f8-4eb8-8941-eba3c5c27f73,9/28/20,,9/28/20,,17104,information_technology,,7:42,97.7,,no_symptoms,no,,information_technology,
deb05fe8-f0e8-49b5-8ca7-406ae03e3b3c,9/30/20,,9/30/20,,17104,information_technology,,7:30,97.3,,no_symptoms,no,,information_technology,
6290a33c-f415-4fe6-8d63-fda67514b6f9,10/1/20,,10/1/20,,17104,information_technology,,7:30,97.2,,no_symptoms,no,,information_technology,
fc456c7e-95f4-4ace-8ce0-47e0dd26931b,10/5/20,,10/5/20,,17104,information_technology,,7:38,97.7,,no_symptoms,no,,information_technology,
dd6ccd12-2952-4caa-8915-ecdb91cc057a,10/6/20,,10/6/20,,17104,information_technology,,7:45,97.3,,no_symptoms,no,,information_technology,
c1ed8d6c-9072-4a5c-8715-76df94130dd6,10/7/20,,10/7/20,,17104,information_technology,,7:45,97.7,,no_symptoms,no,,information_technology,
1abb99cc-d375-4f68-8265-44275a8a9acc,10/9/20,,10/9/20,,17104,information_technology,,8:27,97.2,,no_symptoms,no,,information_technology,
cbd89fd7-5b17-40b4-8408-f8227bc6e131,10/15/20,,10/15/20,,17104,information_technology,,7:35,97.3,,no_symptoms,no,,information_technology,
433e9bf2-2ba4-468c-8063-401a35c88595,10/19/20,,10/19/20,,17104,information_technology,,7:35,97.5,,no_symptoms,no,,information_technology,
b7c5c8f8-4950-4f04-84a5-a618615165c8,10/20/20,,10/20/20,,17104,information_technology,,7:50,97.3,,no_symptoms,no,,information_technology,
9dbc1f51-b865-4e1c-86d1-c0603eadc058,10/21/20,,10/21/20,,17104,information_technology,,7:56,97.3,,no_symptoms,no,,information_technology,
03b8f24f-034c-447e-85ff-2c3067cb8187,10/22/20,,10/22/20,,17104,information_technology,,7:53,97.7,,no_symptoms,no,,information_technology,
c8bbe240-2538-4124-8d5f-34c87ec0ca45,10/23/20,,10/23/20,,17104,information_technology,,10:32,97.3,,no_symptoms,no,,information_technology,
7316fc9d-3b32-4268-8f0b-e3643efde649,11/2/20,,11/2/20,,17104,information_technology,,7:38,97.3,,no_symptoms,no,,information_technology,
a45cd764-23d7-44b0-848e-5c42d89b1868,11/3/20,,11/3/20,,17104,information_technology,,7:34,97.4,,no_symptoms,no,,information_technology,
c923d137-a92f-4661-83cb-96956da95649,11/4/20,,11/4/20,,17104,information_technology,,7:40,97.2,,no_symptoms,no,,information_technology,
78ddf2c2-63ea-44f5-8fa9-67525008d904,11/5/20,,11/5/20,,17104,information_technology,,7:34,97.7,,no_symptoms,no,,information_technology,
14fd4ba6-19df-40e5-880b-27427f8aef52,11/6/20,,11/6/20,,17104,information_technology,,8:23,97.3,,no_symptoms,no,,information_technology,
f21da7d2-b00e-4018-87e7-d22c16200dd5,11/13/20,,11/13/20,,17104,information_technology,,9:22,97.3,,no_symptoms,no,,information_technology,
226d1b34-c9c5-499d-884d-bb854b2ed02e,11/16/20,,11/16/20,,17104,information_technology,,7:49,97.2,,no_symptoms,no,,information_technology,
b04502ad-4e1c-46ac-8b20-21ba27842f1f,11/17/20,,11/17/20,,17104,information_technology,,7:52,97.7,,no_symptoms,no,,information_technology,
03ca9d00-86ec-4ddb-8380-eefb5dd21195,11/18/20,,11/18/20,,17104,information_technology,,7:58,97.2,,no_symptoms,no,,information_technology,
1a23707d-aa50-4ea4-85a9-c5f57f997a54,11/19/20,,11/19/20,,17104,information_technology,,7:57,97.2,,no_symptoms,no,,information_technology,
bd513c51-1441-42d4-8c85-368287b5578c,11/20/20,,11/20/20,,17104,information_technology,,8:36,97.2,,no_symptoms,no,,information_technology,
e0499561-6bfc-44c6-8b51-cd5008d3e0ba,11/30/20,,11/30/20,,17104,information_technology,,7:38,97.3,,no_symptoms,no,,information_technology,
0138c87d-f5d4-4972-8655-5d717b0c11e0,12/1/20,,12/1/20,,17104,information_technology,,7:37,97.3,,no_symptoms,no,,information_technology,
ac2315ed-4d0b-42b7-895c-735925f443ae,12/2/20,,12/2/20,,17104,information_technology,,7:41,97.2,,no_symptoms,no,,information_technology,
547763aa-5b60-430f-8178-503befad378d,12/3/20,,12/3/20,,17104,information_technology,,7:49,97.2,,no_symptoms,no,,information_technology,
64f2824b-505d-4707-8473-18fe0ed33ebb,12/4/20,,12/4/20,,17104,information_technology,,7:57,97.2,,no_symptoms,no,,information_technology,
751fd4a2-894e-4850-85b7-1a4ce42dd52c,12/7/20,,12/7/20,,17104,information_technology,,7:45,97.3,,no_symptoms,no,,information_technology,
1448ed43-4b7a-4c1b-810a-b1b0b9d28138,12/8/20,,12/8/20,,17104,information_technology,,7:44,97.7,,no_symptoms,no,,information_technology,
8165c7a6-df87-4462-88c3-a409237f1a46,12/9/20,,12/9/20,,17104,information_technology,,7:36,97.2,,no_symptoms,no,,information_technology,
f2166033-2b96-49fa-8bb6-b1ceedfc1ca2,12/10/20,,12/10/20,,17104,information_technology,,7:47,97.3,,no_symptoms,no,,information_technology,
b9239bd0-c1d1-4ee1-8640-ffe7c1bf52c9,12/14/20,,12/14/20,,17104,information_technology,,7:47,97.3,,no_symptoms,no,,information_technology,
d8310f31-1ec7-48e0-8d7b-6f712ebefd6d,12/15/20,,12/15/20,,17104,information_technology,,7:48,97.7,,no_symptoms,no,,information_technology,
abbe61b2-8d89-4f79-8af8-74ae8a6ee2a3,12/16/20,,12/16/20,,17104,information_technology,,7:35,97.2,,no_symptoms,no,,information_technology,
3cedafa6-b07d-4432-83d2-7787006f6d72,12/17/20,,12/17/20,,17104,information_technology,,7:46,97.3,,no_symptoms,no,,information_technology,
24464f3f-3027-4e71-8669-2066ef4b28db,12/18/20,,12/18/20,,17104,information_technology,,8:34,97.3,,no_symptoms,no,,information_technology,